Composition,Method,Temperature_K,Thermal_Conductivity_W_mK
"SCM, Mix Data","Present Model, Mix Data",784.15,0.26707531128353545
"SCM, Mix Data","Present Model, Mix Data",787.6939393939393,0.2666135282762297
"SCM, Mix Data","Present Model, Mix Data",791.2378787878788,0.2661516008312092
"SCM, Mix Data","Present Model, Mix Data",794.7818181818182,0.2656895291638142
"SCM, Mix Data","Present Model, Mix Data",798.3257575757575,0.2652273134930157
"SCM, Mix Data","Present Model, Mix Data",801.869696969697,0.2647649540414406
"SCM, Mix Data","Present Model, Mix Data",805.4136363636363,0.2643024510353962
"SCM, Mix Data","Present Model, Mix Data",808.9575757575758,0.2638398047048945
"SCM, Mix Data","Present Model, Mix Data",812.5015151515152,0.26337701528367785
"SCM, Mix Data","Present Model, Mix Data",816.0454545454545,0.2629140830092433
"SCM, Mix Data","Present Model, Mix Data",819.589393939394,0.2624510081228676
"SCM, Mix Data","Present Model, Mix Data",823.1333333333333,0.2619877908696332
"SCM, Mix Data","Present Model, Mix Data",826.6772727272727,0.2615244314984524
"SCM, Mix Data","Present Model, Mix Data",830.2212121212121,0.2610609302620934
"SCM, Mix Data","Present Model, Mix Data",833.7651515151515,0.260597287417206
"SCM, Mix Data","Present Model, Mix Data",837.3090909090909,0.26013350322434636
"SCM, Mix Data","Present Model, Mix Data",840.8530303030303,0.2596695779480035
"SCM, Mix Data","Present Model, Mix Data",844.3969696969697,0.2592055118566244
"SCM, Mix Data","Present Model, Mix Data",847.940909090909,0.2587413052226405
"SCM, Mix Data","Present Model, Mix Data",851.4848484848485,0.25827695832249326
"SCM, Mix Data","Present Model, Mix Data",855.0287878787879,0.25781247143666064
"SCM, Mix Data","Present Model, Mix Data",858.5727272727272,0.25734784484968287
"SCM, Mix Data","Present Model, Mix Data",862.1166666666667,0.25688307885018885
"SCM, Mix Data","Present Model, Mix Data",865.660606060606,0.256418173730923
"SCM, Mix Data","Present Model, Mix Data",869.2045454545455,0.25595312978877105
"SCM, Mix Data","Present Model, Mix Data",872.7484848484848,0.25548794732478725
"SCM, Mix Data","Present Model, Mix Data",876.2924242424242,0.25502262664422093
"SCM, Mix Data","Present Model, Mix Data",879.8363636363637,0.2545571680565426
"SCM, Mix Data","Present Model, Mix Data",883.380303030303,0.25409157187547227
"SCM, Mix Data","Present Model, Mix Data",886.9242424242424,0.2536258384190051
"SCM, Mix Data","Present Model, Mix Data",890.4681818181818,0.253159968009439
"SCM, Mix Data","Present Model, Mix Data",894.0121212121212,0.2526939609734023
"SCM, Mix Data","Present Model, Mix Data",897.5560606060606,0.2522278176418802
"SCM, Mix Data","Present Model, Mix Data",901.1,0.25176153835024284
"SCM, Mix Data","Present Model, Mix Data",904.6439393939394,0.25129512343827237
"SCM, Mix Data","Present Model, Mix Data",908.1878787878788,0.25082857325019087
"SCM, Mix Data","Present Model, Mix Data",911.7318181818182,0.25036188813468796
"SCM, Mix Data","Present Model, Mix Data",915.2757575757576,0.24989506844494816
"SCM, Mix Data","Present Model, Mix Data",918.8196969696969,0.24942811453867964
"SCM, Mix Data","Present Model, Mix Data",922.3636363636364,0.24896102677814108
"SCM, Mix Data","Present Model, Mix Data",925.9075757575757,0.24849380553017117
"SCM, Mix Data","Present Model, Mix Data",929.4515151515152,0.24802645116621527
"SCM, Mix Data","Present Model, Mix Data",932.9954545454545,0.2475589640623548
"SCM, Mix Data","Present Model, Mix Data",936.5393939393939,0.24709134459933496
"SCM, Mix Data","Present Model, Mix Data",940.0833333333334,0.2466235931625936
"SCM, Mix Data","Present Model, Mix Data",943.6272727272727,0.24615571014228957
"SCM, Mix Data","Present Model, Mix Data",947.1712121212121,0.24568769593333117
"SCM, Mix Data","Present Model, Mix Data",950.7151515151515,0.2452195509354055
"SCM, Mix Data","Present Model, Mix Data",954.2590909090909,0.24475127555300646
"SCM, Mix Data","Present Model, Mix Data",957.8030303030303,0.2442828701954643
"SCM, Mix Data","Present Model, Mix Data",961.3469696969697,0.24381433527697458
"SCM, Mix Data","Present Model, Mix Data",964.8909090909091,0.24334567121662673
"SCM, Mix Data","Present Model, Mix Data",968.4348484848485,0.24287687843843392
"SCM, Mix Data","Present Model, Mix Data",971.9787878787879,0.24240795737136206
"SCM, Mix Data","Present Model, Mix Data",975.5227272727273,0.24193890844935897
"SCM, Mix Data","Present Model, Mix Data",979.0666666666666,0.2414697321113841
"SCM, Mix Data","Present Model, Mix Data",982.6106060606061,0.2410004288014379
"SCM, Mix Data","Present Model, Mix Data",986.1545454545454,0.24053099896859173
"SCM, Mix Data","Present Model, Mix Data",989.6984848484849,0.2400614430670172
"SCM, Mix Data","Present Model, Mix Data",993.2424242424242,0.23959176155601625
"SCM, Mix Data","Present Model, Mix Data",996.7863636363636,0.23912195490005078
"SCM, Mix Data","Present Model, Mix Data",1000.3303030303031,0.23865202356877305
"SCM, Mix Data","Present Model, Mix Data",1003.8742424242424,0.2381819680370552
"SCM, Mix Data","Present Model, Mix Data",1007.4181818181819,0.2377117887850196
"SCM, Mix Data","Present Model, Mix Data",1010.9621212121212,0.2372414862980692
"SCM, Mix Data","Present Model, Mix Data",1014.5060606060606,0.23677106106691798
"SCM, Mix Data","Present Model, Mix Data",1018.05,0.23630051358762055
"SCM, Mix Data","Present Model, Mix Data",1021.5939393939394,0.23582984436160345
"SCM, Mix Data","Present Model, Mix Data",1025.137878787879,0.23535905389569522
"SCM, Mix Data","Present Model, Mix Data",1028.6818181818182,0.2348881427021574
"SCM, Mix Data","Present Model, Mix Data",1032.2257575757576,0.23441711129871462
"SCM, Mix Data","Present Model, Mix Data",1035.769696969697,0.23394596020858577
"SCM, Mix Data","Present Model, Mix Data",1039.3136363636363,0.2334746899605151
"SCM, Mix Data","Present Model, Mix Data",1042.857575757576,0.23300330108880227
"SCM, Mix Data","Present Model, Mix Data",1046.4015151515152,0.23253179413333439
"SCM, Mix Data","Present Model, Mix Data",1049.9454545454546,0.23206016963961615
"SCM, Mix Data","Present Model, Mix Data",1053.489393939394,0.23158842815880165
"SCM, Mix Data","Present Model, Mix Data",1057.0333333333333,0.2311165702477252
"SCM, Mix Data","Present Model, Mix Data",1060.5772727272727,0.23064459646893257
"SCM, Mix Data","Present Model, Mix Data",1064.121212121212,0.2301725073907126
"SCM, Mix Data","Present Model, Mix Data",1067.6651515151516,0.22970030358712837
"SCM, Mix Data","Present Model, Mix Data",1071.209090909091,0.22922798563804891
"SCM, Mix Data","Present Model, Mix Data",1074.7530303030303,0.2287555541291804
"SCM, Mix Data","Present Model, Mix Data",1078.2969696969697,0.22828300965209794
"SCM, Mix Data","Present Model, Mix Data",1081.840909090909,0.2278103528042773
"SCM, Mix Data","Present Model, Mix Data",1085.3848484848486,0.22733758418912667
"SCM, Mix Data","Present Model, Mix Data",1088.928787878788,0.2268647044160182
"SCM, Mix Data","Present Model, Mix Data",1092.4727272727273,0.22639171410031997
"SCM, Mix Data","Present Model, Mix Data",1096.0166666666667,0.225918613863428
"SCM, Mix Data","Present Model, Mix Data",1099.560606060606,0.225445404332798
"SCM, Mix Data","Present Model, Mix Data",1103.1045454545456,0.22497208614197758
"SCM, Mix Data","Present Model, Mix Data",1106.648484848485,0.22449865993063842
"SCM, Mix Data","Present Model, Mix Data",1110.1924242424243,0.22402512634460803
"SCM, Mix Data","Present Model, Mix Data",1113.7363636363636,0.22355148603590205
"SCM, Mix Data","Present Model, Mix Data",1117.280303030303,0.22307773966275674
"SCM, Mix Data","Present Model, Mix Data",1120.8242424242426,0.222603887889661
"SCM, Mix Data","Present Model, Mix Data",1124.3681818181817,0.22212993138738898
"SCM, Mix Data","Present Model, Mix Data",1127.9121212121213,0.22165587083303176
"SCM, Mix Data","Present Model, Mix Data",1131.4560606060606,0.2211817069100308
"SCM, Mix Data","Present Model, Mix Data",1135.0,0.22070744030820955
